id,district_id,name,number,sort_order,is_active,created_at,updated_at
cmkmlapcj000ps5k1l9map3g2,cmkmlanw2000ns5k1hcbina4r,1-р хороо,1,0,t,2026-01-20 12:48:04.051,2026-01-20 12:48:04.051
cmkmlaqt0000rs5k1zmi5qlo0,cmkmlanw2000ns5k1hcbina4r,2-р хороо,2,1,t,2026-01-20 12:48:05.94,2026-01-20 12:48:05.94
cmkmlas9g000ts5k15h1mfci6,cmkmlanw2000ns5k1hcbina4r,3-р хороо,3,2,t,2026-01-20 12:48:07.828,2026-01-20 12:48:07.828
cmkmlatpp000vs5k14kwefcje,cmkmlanw2000ns5k1hcbina4r,4-р хороо,4,3,t,2026-01-20 12:48:09.71,2026-01-20 12:48:09.71
cmkmlav67000xs5k1wppq55v1,cmkmlanw2000ns5k1hcbina4r,5-р хороо,5,4,t,2026-01-20 12:48:11.6,2026-01-20 12:48:11.6
cmkmlayd30011s5k1phz2eovy,cmkmlawmi000zs5k1n16p32gr,1-р хороо,1,0,t,2026-01-20 12:48:15.36,2026-01-20 12:48:15.36
cmkmlazum0013s5k13r6q2x8q,cmkmlawmi000zs5k1n16p32gr,2-р хороо,2,1,t,2026-01-20 12:48:17.663,2026-01-20 12:48:17.663
cmkmlb1cg0015s5k10izxqdpt,cmkmlawmi000zs5k1n16p32gr,3-р хороо,3,2,t,2026-01-20 12:48:19.6,2026-01-20 12:48:19.6
cmkmlb49i0019s5k1qqqtvwzb,cmkmlb2su0017s5k10m4wz7s5,1-р хороо,1,0,t,2026-01-20 12:48:23.382,2026-01-20 12:48:23.382
cmkmlb5py001bs5k1iuttw5ew,cmkmlb2su0017s5k10m4wz7s5,2-р хороо,2,1,t,2026-01-20 12:48:25.27,2026-01-20 12:48:25.27
cmkmlb76h001ds5k1m4tjc0r9,cmkmlb2su0017s5k10m4wz7s5,3-р хороо,3,2,t,2026-01-20 12:48:27.161,2026-01-20 12:48:27.161
cmkmlb8mr001fs5k1xrdj4zj2,cmkmlb2su0017s5k10m4wz7s5,4-р хороо,4,3,t,2026-01-20 12:48:29.043,2026-01-20 12:48:29.043
cmkmlbads001hs5k1d6ud7lck,cmkmlb2su0017s5k10m4wz7s5,5-р хороо,5,4,t,2026-01-20 12:48:30.931,2026-01-20 12:48:30.931
cmkmlbbua001js5k1vou8w9py,cmkmlb2su0017s5k10m4wz7s5,6-р хороо,6,5,t,2026-01-20 12:48:33.202,2026-01-20 12:48:33.202
cmkmlbdc6001ls5k1dagfy6gb,cmkmlb2su0017s5k10m4wz7s5,7-р хороо,7,6,t,2026-01-20 12:48:35.142,2026-01-20 12:48:35.142
cmkmlbesg001ns5k1oqo47sm8,cmkmlb2su0017s5k10m4wz7s5,8-р хороо,8,7,t,2026-01-20 12:48:37.024,2026-01-20 12:48:37.024
cmkmlbg9t001ps5k1oliukr4j,cmkmlb2su0017s5k10m4wz7s5,9-р хороо,9,8,t,2026-01-20 12:48:38.945,2026-01-20 12:48:38.945
cmkmlbhqf001rs5k1f8lwtflk,cmkmlb2su0017s5k10m4wz7s5,10-р хороо,10,9,t,2026-01-20 12:48:40.839,2026-01-20 12:48:40.839
cmkmlbj7m001ts5k1a0q5z481,cmkmlb2su0017s5k10m4wz7s5,11-р хороо,11,10,t,2026-01-20 12:48:42.754,2026-01-20 12:48:42.754
cmkmlbkni001vs5k1hs6r482a,cmkmlb2su0017s5k10m4wz7s5,12-р хороо,12,11,t,2026-01-20 12:48:44.622,2026-01-20 12:48:44.622
cmkmlbmen001xs5k1ru94xd4e,cmkmlb2su0017s5k10m4wz7s5,13-р хороо,13,12,t,2026-01-20 12:48:46.522,2026-01-20 12:48:46.522
cmkmlbnux001zs5k1uemqlnst,cmkmlb2su0017s5k10m4wz7s5,14-р хороо,14,13,t,2026-01-20 12:48:48.777,2026-01-20 12:48:48.777
cmkmlbpbg0021s5k19yqkg9yg,cmkmlb2su0017s5k10m4wz7s5,15-р хороо,15,14,t,2026-01-20 12:48:50.668,2026-01-20 12:48:50.668
cmkmlbqrv0023s5k1u5bxm0vy,cmkmlb2su0017s5k10m4wz7s5,16-р хороо,16,15,t,2026-01-20 12:48:52.555,2026-01-20 12:48:52.555
cmkmlbs8l0025s5k1y6ju7mw6,cmkmlb2su0017s5k10m4wz7s5,17-р хороо,17,16,t,2026-01-20 12:48:54.453,2026-01-20 12:48:54.453
cmkmlbtp70027s5k1bf5swhye,cmkmlb2su0017s5k10m4wz7s5,18-р хороо,18,17,t,2026-01-20 12:48:56.347,2026-01-20 12:48:56.347
cmkmlbv5x0029s5k1ntkxs1bw,cmkmlb2su0017s5k10m4wz7s5,19-р хороо,19,18,t,2026-01-20 12:48:58.245,2026-01-20 12:48:58.245
cmkmlbwmm002bs5k1iwctoht5,cmkmlb2su0017s5k10m4wz7s5,20-р хороо,20,19,t,2026-01-20 12:49:00.142,2026-01-20 12:49:00.142
cmkmlbydj002ds5k17srdnkt2,cmkmlb2su0017s5k10m4wz7s5,21-р хороо,21,20,t,2026-01-20 12:49:02.023,2026-01-20 12:49:02.023
cmkmlbzu0002fs5k1m6wtskz7,cmkmlb2su0017s5k10m4wz7s5,22-р хороо,22,21,t,2026-01-20 12:49:04.296,2026-01-20 12:49:04.296
cmkmlc1ai002hs5k1h5sp0ulg,cmkmlb2su0017s5k10m4wz7s5,23-р хороо,23,22,t,2026-01-20 12:49:06.186,2026-01-20 12:49:06.186
cmkmlc4ad002ls5k1zqyvlrkj,cmkmlc2tz002js5k1eo3okhct,1-р хороо,1,0,t,2026-01-20 12:49:10.069,2026-01-20 12:49:10.069
cmkmlc5r1002ns5k1lx7jz8zg,cmkmlc2tz002js5k1eo3okhct,2-р хороо,2,1,t,2026-01-20 12:49:11.965,2026-01-20 12:49:11.965
cmkmlc77a002ps5k1q4wtt6jy,cmkmlc2tz002js5k1eo3okhct,3-р хороо,3,2,t,2026-01-20 12:49:13.846,2026-01-20 12:49:13.846
cmkmlc8qx002rs5k1b5ap6myr,cmkmlc2tz002js5k1eo3okhct,4-р хороо,4,3,t,2026-01-20 12:49:15.849,2026-01-20 12:49:15.849
cmkmlcahw002ts5k1kzhkvdi9,cmkmlc2tz002js5k1eo3okhct,5-р хороо,5,4,t,2026-01-20 12:49:17.737,2026-01-20 12:49:17.737
cmkmlcbyw002vs5k1c9zlbbhr,cmkmlc2tz002js5k1eo3okhct,6-р хороо,6,5,t,2026-01-20 12:49:20.024,2026-01-20 12:49:20.024
cmkmlcdf8002xs5k103ov65up,cmkmlc2tz002js5k1eo3okhct,7-р хороо,7,6,t,2026-01-20 12:49:21.908,2026-01-20 12:49:21.908
cmkmlcewl002zs5k1y4exdndk,cmkmlc2tz002js5k1eo3okhct,8-р хороо,8,7,t,2026-01-20 12:49:23.829,2026-01-20 12:49:23.829
cmkmlcgd30031s5k1gq2tps16,cmkmlc2tz002js5k1eo3okhct,9-р хороо,9,8,t,2026-01-20 12:49:25.72,2026-01-20 12:49:25.72
cmkmlchtu0033s5k1m7xcmi4a,cmkmlc2tz002js5k1eo3okhct,10-р хороо,10,9,t,2026-01-20 12:49:27.619,2026-01-20 12:49:27.619
cmkmlcja00035s5k178rtiyva,cmkmlc2tz002js5k1eo3okhct,11-р хороо,11,10,t,2026-01-20 12:49:29.496,2026-01-20 12:49:29.496
cmkmlckr40037s5k1sb9fgu3q,cmkmlc2tz002js5k1eo3okhct,12-р хороо,12,11,t,2026-01-20 12:49:31.409,2026-01-20 12:49:31.409
cmkmlcmiy0039s5k1q2mtik4m,cmkmlc2tz002js5k1eo3okhct,13-р хороо,13,12,t,2026-01-20 12:49:33.33,2026-01-20 12:49:33.33
cmkmlcnz4003bs5k15i64l5h1,cmkmlc2tz002js5k1eo3okhct,14-р хороо,14,13,t,2026-01-20 12:49:35.584,2026-01-20 12:49:35.584
cmkmlcpf7003ds5k1eba00004,cmkmlc2tz002js5k1eo3okhct,15-р хороо,15,14,t,2026-01-20 12:49:37.459,2026-01-20 12:49:37.459
cmkmlcqvt003fs5k1cumm433p,cmkmlc2tz002js5k1eo3okhct,16-р хороо,16,15,t,2026-01-20 12:49:39.354,2026-01-20 12:49:39.354
cmkmlcsc4003hs5k1df4rq2m9,cmkmlc2tz002js5k1eo3okhct,17-р хороо,17,16,t,2026-01-20 12:49:41.236,2026-01-20 12:49:41.236
cmkmlctsr003js5k1zf3zwagw,cmkmlc2tz002js5k1eo3okhct,18-р хороо,18,17,t,2026-01-20 12:49:43.131,2026-01-20 12:49:43.131
cmkmlcv9f003ls5k1s213y089,cmkmlc2tz002js5k1eo3okhct,19-р хороо,19,18,t,2026-01-20 12:49:45.027,2026-01-20 12:49:45.027
cmkmlcwpq003ns5k1gvyc3hyv,cmkmlc2tz002js5k1eo3okhct,20-р хороо,20,19,t,2026-01-20 12:49:46.91,2026-01-20 12:49:46.91
cmkmlcygq003ps5k1l099rp3k,cmkmlc2tz002js5k1eo3okhct,21-р хороо,21,20,t,2026-01-20 12:49:48.8,2026-01-20 12:49:48.8
cmkmlczx9003rs5k16f322hw9,cmkmlc2tz002js5k1eo3okhct,22-р хороо,22,21,t,2026-01-20 12:49:51.069,2026-01-20 12:49:51.069
cmkmld1e1003ts5k1h0qn0rj8,cmkmlc2tz002js5k1eo3okhct,23-р хороо,23,22,t,2026-01-20 12:49:52.969,2026-01-20 12:49:52.969
cmkmld2ue003vs5k1bb9iuqwk,cmkmlc2tz002js5k1eo3okhct,24-р хороо,24,23,t,2026-01-20 12:49:54.853,2026-01-20 12:49:54.853
cmkmld4b2003xs5k1enl9wo42,cmkmlc2tz002js5k1eo3okhct,25-р хороо,25,24,t,2026-01-20 12:49:56.75,2026-01-20 12:49:56.75
cmkmld5rj003zs5k16lasj58g,cmkmlc2tz002js5k1eo3okhct,26-р хороо,26,25,t,2026-01-20 12:49:58.639,2026-01-20 12:49:58.639
cmkmld78o0041s5k13cxmmmcp,cmkmlc2tz002js5k1eo3okhct,27-р хороо,27,26,t,2026-01-20 12:50:00.552,2026-01-20 12:50:00.552
cmkmld8qx0043s5k1jlwi65wd,cmkmlc2tz002js5k1eo3okhct,28-р хороо,28,27,t,2026-01-20 12:50:02.505,2026-01-20 12:50:02.505
cmkmldc0h0047s5k1pdz1xo5z,cmkmldajr0045s5k16grj1z32,1-р хороо,1,0,t,2026-01-20 12:50:06.738,2026-01-20 12:50:06.738
cmkmlddh60049s5k13d8nuep0,cmkmldajr0045s5k16grj1z32,2-р хороо,2,1,t,2026-01-20 12:50:08.634,2026-01-20 12:50:08.634
cmkmldexv004bs5k1knkvlzji,cmkmldajr0045s5k16grj1z32,3-р хороо,3,2,t,2026-01-20 12:50:10.531,2026-01-20 12:50:10.531
cmkmldge5004ds5k10uyfwv60,cmkmldajr0045s5k16grj1z32,4-р хороо,4,3,t,2026-01-20 12:50:12.413,2026-01-20 12:50:12.413
cmkmldhud004fs5k1ebesgpkf,cmkmldajr0045s5k16grj1z32,5-р хороо,5,4,t,2026-01-20 12:50:14.293,2026-01-20 12:50:14.293
cmkmldjal004hs5k1xc1kzht4,cmkmldajr0045s5k16grj1z32,6-р хороо,6,5,t,2026-01-20 12:50:16.173,2026-01-20 12:50:16.173
cmkmldkr5004js5k12m377ciq,cmkmldajr0045s5k16grj1z32,7-р хороо,7,6,t,2026-01-20 12:50:18.065,2026-01-20 12:50:18.065
cmkmldny4004ns5k1ryhykmty,cmkmldmht004ls5k1pbndg7ba,1-р хороо,1,0,t,2026-01-20 12:50:22.205,2026-01-20 12:50:22.205
cmkmldpee004ps5k1ykgctpnk,cmkmldmht004ls5k1pbndg7ba,2-р хороо,2,1,t,2026-01-20 12:50:24.086,2026-01-20 12:50:24.086
cmkmldquk004rs5k17da57qga,cmkmldmht004ls5k1pbndg7ba,3-р хороо,3,2,t,2026-01-20 12:50:25.964,2026-01-20 12:50:25.964
cmkmldsbb004ts5k144blzopf,cmkmldmht004ls5k1pbndg7ba,4-р хороо,4,3,t,2026-01-20 12:50:27.864,2026-01-20 12:50:27.864
cmkmldtss004vs5k1uogi7gvh,cmkmldmht004ls5k1pbndg7ba,5-р хороо,5,4,t,2026-01-20 12:50:29.788,2026-01-20 12:50:29.788
cmkmldv99004xs5k1188s8vue,cmkmldmht004ls5k1pbndg7ba,6-р хороо,6,5,t,2026-01-20 12:50:31.677,2026-01-20 12:50:31.677
cmkmldwph004zs5k15qjhfma3,cmkmldmht004ls5k1pbndg7ba,7-р хороо,7,6,t,2026-01-20 12:50:33.557,2026-01-20 12:50:33.557
cmkmldygd0051s5k1kmzmlt6z,cmkmldmht004ls5k1pbndg7ba,8-р хороо,8,7,t,2026-01-20 12:50:35.445,2026-01-20 12:50:35.445
cmkmldzwk0053s5k14l853fj6,cmkmldmht004ls5k1pbndg7ba,9-р хороо,9,8,t,2026-01-20 12:50:37.7,2026-01-20 12:50:37.7
cmkmle1dg0055s5k1w3xnpdls,cmkmldmht004ls5k1pbndg7ba,10-р хороо,10,9,t,2026-01-20 12:50:39.604,2026-01-20 12:50:39.604
cmkmle2um0057s5k1ezbtz7wn,cmkmldmht004ls5k1pbndg7ba,11-р хороо,11,10,t,2026-01-20 12:50:41.519,2026-01-20 12:50:41.519
cmkmle4b40059s5k1eaoo9r86,cmkmldmht004ls5k1pbndg7ba,12-р хороо,12,11,t,2026-01-20 12:50:43.409,2026-01-20 12:50:43.409
cmkmle5s0005bs5k1tap4smj6,cmkmldmht004ls5k1pbndg7ba,13-р хороо,13,12,t,2026-01-20 12:50:45.313,2026-01-20 12:50:45.313
cmkmle78b005ds5k1leo1jt0e,cmkmldmht004ls5k1pbndg7ba,14-р хороо,14,13,t,2026-01-20 12:50:47.195,2026-01-20 12:50:47.195
cmkmle8qk005fs5k1tu91s7hh,cmkmldmht004ls5k1pbndg7ba,15-р хороо,15,14,t,2026-01-20 12:50:49.149,2026-01-20 12:50:49.149
cmkmleahh005hs5k10yh5xhg9,cmkmldmht004ls5k1pbndg7ba,16-р хороо,16,15,t,2026-01-20 12:50:51.032,2026-01-20 12:50:51.032
cmkmleby3005js5k1o2cva2y9,cmkmldmht004ls5k1pbndg7ba,17-р хороо,17,16,t,2026-01-20 12:50:53.307,2026-01-20 12:50:53.307
cmkmleddz005ls5k13nhwtm96,cmkmldmht004ls5k1pbndg7ba,18-р хороо,18,17,t,2026-01-20 12:50:55.175,2026-01-20 12:50:55.175
cmkmleeu4005ns5k12f00ern3,cmkmldmht004ls5k1pbndg7ba,19-р хороо,19,18,t,2026-01-20 12:50:57.052,2026-01-20 12:50:57.052
cmkmlegak005ps5k1t7f7a3qp,cmkmldmht004ls5k1pbndg7ba,20-р хороо,20,19,t,2026-01-20 12:50:58.94,2026-01-20 12:50:58.94
cmkmlehrx005rs5k1pvwqkwr6,cmkmldmht004ls5k1pbndg7ba,21-р хороо,21,20,t,2026-01-20 12:51:00.861,2026-01-20 12:51:00.861
cmkmlej8t005ts5k14yt2vyfs,cmkmldmht004ls5k1pbndg7ba,22-р хороо,22,21,t,2026-01-20 12:51:02.765,2026-01-20 12:51:02.765
cmkmlekpr005vs5k11g1catu8,cmkmldmht004ls5k1pbndg7ba,23-р хороо,23,22,t,2026-01-20 12:51:04.671,2026-01-20 12:51:04.671
cmkmlemg1005xs5k1urqsycil,cmkmldmht004ls5k1pbndg7ba,24-р хороо,24,23,t,2026-01-20 12:51:06.543,2026-01-20 12:51:06.543
cmkmlenwh005zs5k1hipfs2u9,cmkmldmht004ls5k1pbndg7ba,25-р хороо,25,24,t,2026-01-20 12:51:08.801,2026-01-20 12:51:08.801
cmkmlepcx0061s5k1tfabmr97,cmkmldmht004ls5k1pbndg7ba,26-р хороо,26,25,t,2026-01-20 12:51:10.689,2026-01-20 12:51:10.689
cmkmleqt50063s5k1khg496sk,cmkmldmht004ls5k1pbndg7ba,27-р хороо,27,26,t,2026-01-20 12:51:12.569,2026-01-20 12:51:12.569
cmkmles9u0065s5k17ezlgahc,cmkmldmht004ls5k1pbndg7ba,28-р хороо,28,27,t,2026-01-20 12:51:14.466,2026-01-20 12:51:14.466
cmkmletqr0067s5k1stfncuzm,cmkmldmht004ls5k1pbndg7ba,29-р хороо,29,28,t,2026-01-20 12:51:16.372,2026-01-20 12:51:16.372
cmkmlev8s0069s5k1bea6fhv2,cmkmldmht004ls5k1pbndg7ba,30-р хороо,30,29,t,2026-01-20 12:51:18.317,2026-01-20 12:51:18.317
cmkmlewph006bs5k1awhg1frq,cmkmldmht004ls5k1pbndg7ba,31-р хороо,31,30,t,2026-01-20 12:51:20.213,2026-01-20 12:51:20.213
cmkmleyj5006ds5k10kykqql6,cmkmldmht004ls5k1pbndg7ba,32-р хороо,32,31,t,2026-01-20 12:51:22.166,2026-01-20 12:51:22.166
cmkmlf1h5006hs5k16ip5oy4g,cmkmlezzu006fs5k1ergmx71z,1-р хороо,1,0,t,2026-01-20 12:51:26.393,2026-01-20 12:51:26.393
cmkmlf2xn006js5k1ypf8b51u,cmkmlezzu006fs5k1ergmx71z,2-р хороо,2,1,t,2026-01-20 12:51:28.283,2026-01-20 12:51:28.283
cmkmlf4g5006ls5k1nj2dn72w,cmkmlezzu006fs5k1ergmx71z,3-р хороо,3,2,t,2026-01-20 12:51:30.245,2026-01-20 12:51:30.245
cmkmlf5xv006ns5k1bth11kzi,cmkmlezzu006fs5k1ergmx71z,4-р хороо,4,3,t,2026-01-20 12:51:32.179,2026-01-20 12:51:32.179
cmkmlf7fu006ps5k1a6zsixt0,cmkmlezzu006fs5k1ergmx71z,5-р хороо,5,4,t,2026-01-20 12:51:34.122,2026-01-20 12:51:34.122
cmkmlf8we006rs5k1e1cmi078,cmkmlezzu006fs5k1ergmx71z,6-р хороо,6,5,t,2026-01-20 12:51:36.014,2026-01-20 12:51:36.014
cmkmlfao4006ts5k132f8drij,cmkmlezzu006fs5k1ergmx71z,7-р хороо,7,6,t,2026-01-20 12:51:37.928,2026-01-20 12:51:37.928
cmkmlfc4s006vs5k1u5j260to,cmkmlezzu006fs5k1ergmx71z,8-р хороо,8,7,t,2026-01-20 12:51:40.205,2026-01-20 12:51:40.205
cmkmlfdky006xs5k1rj9hyq0e,cmkmlezzu006fs5k1ergmx71z,9-р хороо,9,8,t,2026-01-20 12:51:42.082,2026-01-20 12:51:42.082
cmkmlff2k006zs5k14tmin8pg,cmkmlezzu006fs5k1ergmx71z,10-р хороо,10,9,t,2026-01-20 12:51:44.013,2026-01-20 12:51:44.013
cmkmlfgk70071s5k1y57qt854,cmkmlezzu006fs5k1ergmx71z,11-р хороо,11,10,t,2026-01-20 12:51:45.943,2026-01-20 12:51:45.943
cmkmlfi0m0073s5k13shbm54t,cmkmlezzu006fs5k1ergmx71z,12-р хороо,12,11,t,2026-01-20 12:51:47.83,2026-01-20 12:51:47.83
cmkmlfjgu0075s5k1f0q5wz5p,cmkmlezzu006fs5k1ergmx71z,13-р хороо,13,12,t,2026-01-20 12:51:49.711,2026-01-20 12:51:49.711
cmkmlfkxp0077s5k1bntci728,cmkmlezzu006fs5k1ergmx71z,14-р хороо,14,13,t,2026-01-20 12:51:51.614,2026-01-20 12:51:51.614
cmkmlfmpc0079s5k1d45a3lmg,cmkmlezzu006fs5k1ergmx71z,15-р хороо,15,14,t,2026-01-20 12:51:53.512,2026-01-20 12:51:53.512
cmkmlfo5z007bs5k18u6lgldx,cmkmlezzu006fs5k1ergmx71z,16-р хороо,16,15,t,2026-01-20 12:51:55.799,2026-01-20 12:51:55.799
cmkmlfpm8007ds5k1ryf393wb,cmkmlezzu006fs5k1ergmx71z,17-р хороо,17,16,t,2026-01-20 12:51:57.68,2026-01-20 12:51:57.68
cmkmlfr2h007fs5k12697jo5i,cmkmlezzu006fs5k1ergmx71z,18-р хороо,18,17,t,2026-01-20 12:51:59.561,2026-01-20 12:51:59.561
cmkmlfsiv007hs5k1g2ebixgz,cmkmlezzu006fs5k1ergmx71z,19-р хороо,19,18,t,2026-01-20 12:52:01.447,2026-01-20 12:52:01.447
cmkmlftzu007js5k1wjlgtzlb,cmkmlezzu006fs5k1ergmx71z,20-р хороо,20,19,t,2026-01-20 12:52:03.354,2026-01-20 12:52:03.354
cmkmlfwyz007ns5k14fupzqir,cmkmlfvgf007ls5k1h86scuvv,1-р хороо,1,0,t,2026-01-20 12:52:07.211,2026-01-20 12:52:07.211
cmkmlfypz007ps5k1ot7htgsv,cmkmlfvgf007ls5k1h86scuvv,2-р хороо,2,1,t,2026-01-20 12:52:09.098,2026-01-20 12:52:09.098
cmkmlg07b007rs5k1051vvj7c,cmkmlfvgf007ls5k1h86scuvv,3-р хороо,3,2,t,2026-01-20 12:52:11.399,2026-01-20 12:52:11.399
cmkmlg1no007ts5k198ryqbf1,cmkmlfvgf007ls5k1h86scuvv,4-р хороо,4,3,t,2026-01-20 12:52:13.284,2026-01-20 12:52:13.284
cmkmlg5pw007vs5k1l7c4pxpd,cmkmlfvgf007ls5k1h86scuvv,5-р хороо,5,4,t,2026-01-20 12:52:15.192,2026-01-20 12:52:15.192
cmkmlg78q007xs5k1gz8bmd3k,cmkmlfvgf007ls5k1h86scuvv,6-р хороо,6,5,t,2026-01-20 12:52:20.522,2026-01-20 12:52:20.522
cmkmlg8su007zs5k1bicj97qj,cmkmlfvgf007ls5k1h86scuvv,7-р хороо,7,6,t,2026-01-20 12:52:22.542,2026-01-20 12:52:22.542
cmkmlgacs0081s5k189333mqz,cmkmlfvgf007ls5k1h86scuvv,8-р хороо,8,7,t,2026-01-20 12:52:24.556,2026-01-20 12:52:24.556
cmkmlgbva0083s5k1to331pq1,cmkmlfvgf007ls5k1h86scuvv,9-р хороо,9,8,t,2026-01-20 12:52:26.518,2026-01-20 12:52:26.518
cmkmlgdf50085s5k1m65wycyp,cmkmlfvgf007ls5k1h86scuvv,10-р хороо,10,9,t,2026-01-20 12:52:28.529,2026-01-20 12:52:28.529
cmkmlgexq0087s5k12wutl6kg,cmkmlfvgf007ls5k1h86scuvv,11-р хороо,11,10,t,2026-01-20 12:52:30.495,2026-01-20 12:52:30.495
cmkmlgggb0089s5k1jl35tv7y,cmkmlfvgf007ls5k1h86scuvv,12-р хороо,12,11,t,2026-01-20 12:52:32.46,2026-01-20 12:52:32.46
cmkmlgia1008bs5k1nv5rrh15,cmkmlfvgf007ls5k1h86scuvv,13-р хороо,13,12,t,2026-01-20 12:52:34.432,2026-01-20 12:52:34.432
cmkmlgjsh008ds5k1yyrp54lb,cmkmlfvgf007ls5k1h86scuvv,14-р хороо,14,13,t,2026-01-20 12:52:36.785,2026-01-20 12:52:36.785
cmkmlglb7008fs5k1uls9957b,cmkmlfvgf007ls5k1h86scuvv,15-р хороо,15,14,t,2026-01-20 12:52:38.756,2026-01-20 12:52:38.756
cmkmlgmup008hs5k1armb9e2n,cmkmlfvgf007ls5k1h86scuvv,16-р хороо,16,15,t,2026-01-20 12:52:40.754,2026-01-20 12:52:40.754
cmkmlgpx3008ls5k1sd96qosv,cmkmlgody008js5k1nkw5ic2f,1-р хороо,1,0,t,2026-01-20 12:52:44.728,2026-01-20 12:52:44.728
cmkmlgrft008ns5k1slbombcq,cmkmlgody008js5k1nkw5ic2f,2-р хороо,2,1,t,2026-01-20 12:52:46.698,2026-01-20 12:52:46.698
cmkmlgsyo008ps5k1hkxpltc0,cmkmlgody008js5k1nkw5ic2f,3-р хороо,3,2,t,2026-01-20 12:52:48.672,2026-01-20 12:52:48.672
cmkmlgusd008rs5k1p50xtexp,cmkmlgody008js5k1nkw5ic2f,4-р хороо,4,3,t,2026-01-20 12:52:50.648,2026-01-20 12:52:50.648
cmkmlgwc4008ts5k13z1tmmac,cmkmlgody008js5k1nkw5ic2f,5-р хороо,5,4,t,2026-01-20 12:52:53.044,2026-01-20 12:52:53.044
cmkmlgxui008vs5k130q1kavb,cmkmlgody008js5k1nkw5ic2f,6-р хороо,6,5,t,2026-01-20 12:52:55.003,2026-01-20 12:52:55.003
cmkmlgzdg008xs5k1fyta9398,cmkmlgody008js5k1nkw5ic2f,7-р хороо,7,6,t,2026-01-20 12:52:56.981,2026-01-20 12:52:56.981
cmkmlh0w7008zs5k1n901ozrj,cmkmlgody008js5k1nkw5ic2f,8-р хороо,8,7,t,2026-01-20 12:52:58.951,2026-01-20 12:52:58.951
cmkmlh2es0091s5k17ryfflxy,cmkmlgody008js5k1nkw5ic2f,9-р хороо,9,8,t,2026-01-20 12:53:00.916,2026-01-20 12:53:00.916
cmkmlh3xj0093s5k1hnwp096l,cmkmlgody008js5k1nkw5ic2f,10-р хороо,10,9,t,2026-01-20 12:53:02.887,2026-01-20 12:53:02.887
cmkmlh5gc0095s5k1m07dtgow,cmkmlgody008js5k1nkw5ic2f,11-р хороо,11,10,t,2026-01-20 12:53:04.861,2026-01-20 12:53:04.861
cmkmlh7ab0097s5k19qj7rh5n,cmkmlgody008js5k1nkw5ic2f,12-р хороо,12,11,t,2026-01-20 12:53:06.836,2026-01-20 12:53:06.836
cmkmlh8tq0099s5k1zsujoeqe,cmkmlgody008js5k1nkw5ic2f,13-р хороо,13,12,t,2026-01-20 12:53:09.23,2026-01-20 12:53:09.23
cmkmlhacy009bs5k1sd2vo5yn,cmkmlgody008js5k1nkw5ic2f,14-р хороо,14,13,t,2026-01-20 12:53:11.218,2026-01-20 12:53:11.218
cmkmlhbvj009ds5k1zzrk46au,cmkmlgody008js5k1nkw5ic2f,15-р хороо,15,14,t,2026-01-20 12:53:13.183,2026-01-20 12:53:13.183
cmkmlhdeb009fs5k1pw5375t9,cmkmlgody008js5k1nkw5ic2f,16-р хороо,16,15,t,2026-01-20 12:53:15.156,2026-01-20 12:53:15.156
cmkmlhexf009hs5k1gi7bgnx6,cmkmlgody008js5k1nkw5ic2f,17-р хороо,17,16,t,2026-01-20 12:53:17.139,2026-01-20 12:53:17.139
cmkmlhgg7009js5k10h9rt8e3,cmkmlgody008js5k1nkw5ic2f,18-р хороо,18,17,t,2026-01-20 12:53:19.112,2026-01-20 12:53:19.112
cmkmlhhz3009ls5k1pmpmj770,cmkmlgody008js5k1nkw5ic2f,19-р хороо,19,18,t,2026-01-20 12:53:21.087,2026-01-20 12:53:21.087
